Requirement ID,User Story ID,Epic,Priority,Status
FR-001,US-001,Skill Acquisition,Must Have,Draft
FR-002,US-002,Smart Binding,Must Have,Draft
FR-003,US-003,Skill Wiring,Must Have,Draft
FR-004,US-003,Skill Wiring,Must Have,Draft
FR-005,US-004,Runtime Injection,Must Have,Draft
FR-006,US-005,Skill Management,Should Have,Draft
FR-007,US-006,Skill Management,Should Have,Draft
FR-008,US-007,Natural Language,Should Have,Draft
FR-009,US-008,Skill Wiring,Should Have,Draft
NFR-001,US-004,Runtime Injection,Must Have,Draft
NFR-002,US-004,Runtime Injection,Should Have,Draft
NFR-003,US-004,Runtime Injection,Must Have,Draft
NFR-004,US-001,Skill Acquisition,Must Have,Draft
NFR-005,US-004,Runtime Injection,Must Have,Draft
NFR-006,US-001,Skill Acquisition,Should Have,Draft
